{
  "Business Information Systems": {
    "precision": 0.9375,
    "recall": 1.0,
    "f1-score": 0.967741935483871,
    "support": 15.0
  },
  "Efficient Algorithms": {
    "precision": 1.0,
    "recall": 0.8333333333333334,
    "f1-score": 0.9090909090909091,
    "support": 6.0
  },
  "Knowledge Management": {
    "precision": 0.9230769230769231,
    "recall": 1.0,
    "f1-score": 0.96,
    "support": 12.0
  },
  "Complexity Management": {
    "precision": 1.0,
    "recall": 0.6666666666666666,
    "f1-score": 0.8,
    "support": 3.0
  },
  "accuracy": 0.9444444444444444
}