{
  "average_confidence_drop": 0.7096606939948729,
  "median_confidence_drop": 0.6741449757169469,
  "prediction_flip_rate": 0.75
}